class_id,name,cohort,b100_mean_ap25,b50_mean_ap25,b50_delta_s200,b50_delta_s201,b50_mean_delta,b20_mean_ap25,b20_delta_s200,b20_delta_s201,b20_mean_delta
0,chair,1,71.755,69.2,-3.908999999999996,-1.2010000000000076,-2.5550000000000015,68.633,-10.470000000000002,4.225999999999996,-3.122000000000003
1,table,1,14.977,12.5535,0.27600000000000124,-5.122999999999999,-2.423499999999999,18.668000000000003,-0.40800000000000003,7.790000000000003,3.691000000000001
2,pillow,1,12.0945,11.1935,-6.014000000000001,4.212000000000001,-0.9010000000000002,16.473,2.7089999999999974,6.047999999999999,4.378499999999998
3,sofa_chair,1,58.2255,57.196000000000005,-6.8509999999999955,4.792000000000007,-1.0294999999999943,47.557500000000005,-18.112999999999996,-3.222999999999998,-10.667999999999997
4,desk,2,6.9704999999999995,8.566500000000001,2.268,0.9239999999999998,1.5959999999999999,6.649000000000001,0.5979999999999992,-1.240999999999999,-0.3214999999999999
5,bed,2,79.82849999999999,77.2765,-4.987999999999992,-0.11599999999999389,-2.5519999999999934,77.24,-3.5479999999999956,-1.6290000000000027,-2.588499999999999
6,sofa,2,61.972500000000004,57.352000000000004,-8.853,-0.38799999999999946,-4.6205,55.291999999999994,-4.787000000000008,-8.574000000000003,-6.680500000000006
7,computer,2,1.26,0.741,-2.2379999999999995,1.2,-0.5189999999999998,0.28450000000000003,-1.78,-0.17099999999999999,-0.9755
8,lamp,3,36.04,34.973,2.139000000000002,-4.272999999999999,-1.0669999999999984,37.3455,2.866000000000002,-0.25499999999999967,1.3055000000000012
9,box,3,0.383,0.3185,-0.146,0.01699999999999996,-0.06450000000000002,0.46699999999999997,-0.186,0.35400000000000004,0.08400000000000002
10,garbage_bin,3,6.8565000000000005,5.279,-5.667999999999999,2.513000000000001,-1.5774999999999992,7.322,-4.079999999999999,5.011000000000001,0.4655000000000009
11,cabinet,3,0.876,0.8220000000000001,-0.24000000000000002,0.132,-0.054000000000000006,0.679,-0.022000000000000058,-0.37199999999999994,-0.197
12,shelf,4,4.630000000000001,4.9295,-2.285,2.884,0.2994999999999999,2.575,-1.6980000000000002,-2.412,-2.055
13,drawer,4,0.6835,0.47050000000000003,-0.414,-0.012000000000000031,-0.213,0.5435,0.001000000000000046,-0.281,-0.13999999999999999
14,night_stand,4,3.4749999999999996,1.9015,-4.288,1.1410000000000002,-1.5735000000000001,4.3915,-0.963,2.796,0.9164999999999999
15,endtable,4,8.5185,5.0835,-6.683,-0.18699999999999967,-3.4349999999999996,7.221,-5.434,2.839,-1.2975
16,sink,5,8.3795,7.019,-6.428000000000002,3.706999999999999,-1.3605000000000014,6.289,-6.989000000000001,2.808,-2.0905000000000005
17,picture,5,0.0015,0.0,-0.003,0.0,-0.0015,0.0,-0.003,0.0,-0.0015
18,stool,5,16.7775,23.338,6.841,6.279999999999999,6.560499999999999,17.698,-1.7339999999999995,3.575,0.9205000000000003
19,coffee_table,5,3.3230000000000004,2.609,-1.5370000000000001,0.10900000000000007,-0.7140000000000001,8.033000000000001,5.095000000000001,4.325000000000001,4.710000000000001
20,bookshelf,6,16.3975,18.383499999999998,-1.9229999999999996,5.8950000000000005,1.9860000000000004,18.22,1.222999999999999,2.422000000000002,1.8225000000000005
21,painting,6,0.009,0.007500000000000001,-0.011,0.008,-0.0014999999999999996,0.007500000000000001,-0.003999999999999998,0.0010000000000000002,-0.0014999999999999992
22,keyboard,6,0.16200000000000003,0.012,-0.033,-0.267,-0.15000000000000002,0.0025,-0.034,-0.28500000000000003,-0.15950000000000003
23,dresser,6,2.0404999999999998,3.491,0.2520000000000001,2.6489999999999996,1.4505,4.173,2.766,1.4989999999999999,2.1325
24,tv,7,0.9455,0.6465,-0.8050000000000002,0.207,-0.2990000000000001,0.897,-0.34800000000000003,0.25099999999999995,-0.04850000000000004
25,whiteboard,7,0.5555,0.1935,-0.43499999999999994,-0.28900000000000003,-0.362,0.5255000000000001,0.28600000000000003,-0.346,-0.02999999999999997
26,cpu,7,0.21750000000000003,0.166,-0.094,-0.00899999999999998,-0.05149999999999999,0.185,-0.017,-0.047999999999999994,-0.0325
27,toilet,7,83.106,81.52799999999999,-4.794000000000009,1.637999999999995,-1.5780000000000072,80.939,-6.319000000000008,1.9850000000000034,-2.1670000000000025
28,paper,8,0.004,0.0025,-0.004,0.0010000000000000002,-0.0015,0.001,-0.004,-0.002,-0.003
29,ottoman,8,6.955,11.786000000000001,-0.8610000000000007,10.523,4.8309999999999995,11.469000000000001,3.436,5.592,4.513999999999999
30,bench,8,13.927,10.342,-7.415000000000001,0.24500000000000077,-3.585,11.743500000000001,0.9610000000000007,-5.328000000000001,-2.1835000000000004
31,recycle_bin,8,48.150999999999996,29.568,-19.179000000000002,-17.987,-18.583,28.980500000000003,-19.482,-18.858999999999998,-19.170499999999997
32,monitor,9,15.0925,19.561500000000002,2.991000000000002,5.947000000000003,4.469000000000002,15.903500000000001,-5.107999999999999,6.7299999999999995,0.8110000000000004
33,printer,9,12.709999999999999,14.152000000000001,-4.316999999999998,7.2010000000000005,1.442000000000001,10.877,0.854000000000002,-4.5200000000000005,-1.8329999999999993
34,plant,9,10.0825,3.9605,-4.197,-8.046999999999999,-6.122,2.5484999999999998,-2.4899999999999998,-12.578,-7.534
35,door,9,0.35350000000000004,0.352,-0.008000000000000021,0.00499999999999997,-0.0015000000000000256,0.8765,0.724,0.32199999999999995,0.5229999999999999
36,book,10,2.9435000000000002,1.571,0.0499999999999997,-2.7949999999999995,-1.3724999999999998,1.4,0.07799999999999994,-3.1649999999999996,-1.5434999999999999
37,mirror,10,1.675,3.2915,1.3339999999999999,1.899,1.6164999999999998,2.4589999999999996,-0.6480000000000001,2.2159999999999997,0.7839999999999998
38,laptop,10,7.976500000000001,3.3005000000000004,-3.0200000000000005,-6.332,-4.676,7.365,1.029999999999999,-2.2529999999999992,-0.6115000000000002
39,towel,10,6.9305,6.5665000000000004,-1.2209999999999999,0.49299999999999966,-0.3640000000000001,8.1555,1.913999999999999,0.5359999999999997,1.2249999999999994
