cohort,classes,b100_final_ap25,b50_final_ap25,b20_final_ap25,b20_delta
1,"chair, table, pillow, sofa_chair",39.263,37.53575,37.832875,-1.4301249999999968
2,"desk, bed, sofa, computer",37.507875,35.984,34.866375,-2.6415000000000006
3,"lamp, box, garbage_bin, cabinet",11.038874999999999,10.348125,11.453375000000001,0.4145000000000021
4,"shelf, drawer, night_stand, endtable",4.32675,3.09625,3.68275,-0.6439999999999997
5,"sink, picture, stool, coffee_table",7.120375,8.2415,8.005,0.8846250000000007
6,"bookshelf, painting, keyboard, dresser",4.65225,5.4735,5.60075,0.9484999999999992
7,"tv, whiteboard, cpu, toilet",21.206125,20.633499999999998,20.636625,-0.5695000000000014
8,"paper, ottoman, bench, recycle_bin",17.259249999999998,12.924625,13.0485,-4.210749999999997
9,"monitor, printer, plant, door",9.559624999999999,9.5065,7.551375,-2.0082499999999985
10,"book, mirror, laptop, towel",4.881375,3.6823750000000004,4.844875,-0.0365000000000002
