run_id,seed,budget,strategy,model_idx,name,introduced_stage,final_ap25,introduction_ap25,forgetting25,final_ap50,introduction_ap50,forgetting50
object100_s200,200,100,random,0,chair,1,0.75017,0.81409,0.06391999999999998,0.59803,0.68021,0.08218000000000003
object100_s200,200,100,random,1,table,1,0.12575,0.51464,0.38888999999999996,0.02963,0.32475,0.29512
object100_s200,200,100,random,2,pillow,1,0.14566,0.25756,0.1119,0.01717,0.09475,0.07758
object100_s200,200,100,random,3,sofa_chair,1,0.63081,0.68661,0.05580000000000007,0.57618,0.62507,0.04888999999999999
object100_s200,200,100,random,4,desk,2,0.05811,0.27196,0.21384999999999998,0.00583,0.10011,0.09428
object100_s200,200,100,random,5,bed,2,0.81112,0.85435,0.0432300000000001,0.48376,0.6089,0.13067999999999996
object100_s200,200,100,random,6,sofa,2,0.63885,0.69325,0.054400000000000004,0.4947,0.55019,0.055489999999999984
object100_s200,200,100,random,7,computer,2,0.02294,0.04485,0.021910000000000002,0.01588,0.0064,-0.007179999999999999
object100_s200,200,100,random,8,lamp,3,0.33686,0.40969,0.07283,0.09634,0.18714,0.0908
object100_s200,200,100,random,9,box,3,0.00382,0.03292,0.029099999999999997,0.00078,0.00776,0.00698
object100_s200,200,100,random,10,garbage_bin,3,0.09186,0.36967,0.27781,0.04748,0.24554,0.19806
object100_s200,200,100,random,11,cabinet,3,0.00755,0.06175,0.0542,0.00074,0.02344,0.022699999999999998
object100_s200,200,100,random,12,shelf,4,0.0551,0.14247,0.08737,0.00604,0.02216,0.01612
object100_s200,200,100,random,13,drawer,4,0.00695,0.0529,0.045950000000000005,0.00204,0.01744,0.0154
object100_s200,200,100,random,14,night_stand,4,0.05488,0.57335,0.51847,0.03829,0.44392,0.40563
object100_s200,200,100,random,15,endtable,4,0.09279,0.39704,0.30425,0.05264,0.28708,0.23444
object100_s200,200,100,random,16,sink,5,0.14727,0.41302,0.26575,0.03485,0.08695,0.0521
object100_s200,200,100,random,17,picture,5,3e-05,0.00604,0.006010000000000001,0.0,0.00016,0.00016
object100_s200,200,100,random,18,stool,5,0.17843,0.24041,0.08408000000000002,0.11067,0.14044,0.0647
object100_s200,200,100,random,19,coffee_table,5,0.04397,0.33603,0.29206,0.01525,0.20212,0.18686999999999998
object100_s200,200,100,random,20,bookshelf,6,0.16316,0.31817,0.15501,0.04081,0.0871,0.04629
object100_s200,200,100,random,21,painting,6,0.00015,0.04104,0.04089,1e-05,0.0042,0.00419
object100_s200,200,100,random,22,keyboard,6,0.00036,0.02122,0.02086,0.0,0.00043,0.00043
object100_s200,200,100,random,23,dresser,6,0.02448,0.26754,0.24306,0.0161,0.18962,0.17352
object100_s200,200,100,random,24,tv,7,0.01182,0.29701,0.28519,0.00047,0.10366,0.10319
object100_s200,200,100,random,25,whiteboard,7,0.0056,0.08868,0.08308,0.00018,0.00136,0.00118
object100_s200,200,100,random,26,cpu,7,0.00154,0.09713,0.09559,0.00025,0.01661,0.01636
object100_s200,200,100,random,27,toilet,7,0.85911,0.87151,0.012399999999999967,0.57181,0.63904,0.0826
object100_s200,200,100,random,28,paper,8,5e-05,5e-05,0.0,0.0,0.0,0.0
object100_s200,200,100,random,29,ottoman,8,0.08902,0.251,0.16198,0.0572,0.16132,0.10411999999999999
object100_s200,200,100,random,30,bench,8,0.13866,0.16143,0.05693000000000001,0.05192,0.08625,0.08150000000000002
object100_s200,200,100,random,31,recycle_bin,8,0.44533,0.52704,0.08170999999999995,0.32424,0.44214,0.1179
object100_s200,200,100,random,32,monitor,9,0.16351,0.28751,0.124,0.02501,0.05068,0.025670000000000002
object100_s200,200,100,random,33,printer,9,0.18205,0.29737,0.11532000000000003,0.08765,0.16755,0.0799
object100_s200,200,100,random,34,plant,9,0.06633,0.08355,0.01722,0.01155,0.01285,0.0013000000000000008
object100_s200,200,100,random,35,door,9,0.00337,0.00652,0.0031499999999999996,0.00017,0.0002,2.9999999999999997e-05
object100_s200,200,100,random,36,book,10,0.02185,0.02185,,0.0,0.0,
object100_s200,200,100,random,37,mirror,10,0.01879,0.01879,,0.00024,0.00024,
object100_s200,200,100,random,38,laptop,10,0.06678,0.06678,,0.03239,0.03239,
object100_s200,200,100,random,39,towel,10,0.08021,0.08021,,0.00729,0.00729,
object100_s201,201,100,random,0,chair,1,0.68493,0.81517,0.1302399999999999,0.53338,0.6838,0.15042
object100_s201,201,100,random,1,table,1,0.17379,0.51059,0.3368,0.05118,0.32055,0.26937
object100_s201,201,100,random,2,pillow,1,0.09623,0.25122,0.15499000000000002,0.01966,0.09066,0.07100000000000001
object100_s201,201,100,random,3,sofa_chair,1,0.5337,0.66322,0.12952000000000008,0.4862,0.60118,0.11498000000000003
object100_s201,201,100,random,4,desk,2,0.0813,0.29636,0.21506000000000003,0.01418,0.11487,0.10069
object100_s201,201,100,random,5,bed,2,0.78545,0.85929,0.07384000000000002,0.44636,0.57198,0.16780000000000006
object100_s201,201,100,random,6,sofa,2,0.6006,0.67164,0.07103999999999999,0.4837,0.54371,0.06001000000000001
object100_s201,201,100,random,7,computer,2,0.00226,0.05064,0.04838,0.00028,0.01523,0.01495
object100_s201,201,100,random,8,lamp,3,0.38394,0.39636,0.023249999999999993,0.17036,0.15741,0.03708
object100_s201,201,100,random,9,box,3,0.00384,0.02871,0.02487,0.00073,0.00638,0.0056500000000000005
object100_s201,201,100,random,10,garbage_bin,3,0.04527,0.35566,0.31039,0.02284,0.21151,0.18867
object100_s201,201,100,random,11,cabinet,3,0.00997,0.06206,0.05209,0.00192,0.02209,0.020169999999999997
object100_s201,201,100,random,12,shelf,4,0.0375,0.13818,0.10067999999999999,0.00621,0.02012,0.013909999999999999
object100_s201,201,100,random,13,drawer,4,0.00672,0.04583,0.039110000000000006,0.00317,0.0217,0.01853
object100_s201,201,100,random,14,night_stand,4,0.01462,0.63034,0.61572,0.00908,0.50374,0.49466
object100_s201,201,100,random,15,endtable,4,0.07758,0.42489,0.34731,0.04821,0.27156,0.22335000000000002
object100_s201,201,100,random,16,sink,5,0.02032,0.45033,0.43001,0.00366,0.09943,0.09577000000000001
object100_s201,201,100,random,17,picture,5,0.0,0.00508,0.00508,0.0,7e-05,7e-05
object100_s201,201,100,random,18,stool,5,0.15712,0.27621,0.12635,0.07706,0.15058,0.10817999999999998
object100_s201,201,100,random,19,coffee_table,5,0.02249,0.2864,0.26391,0.00857,0.20363,0.19506
object100_s201,201,100,random,20,bookshelf,6,0.16479,0.30962,0.14483000000000001,0.04738,0.08293,0.049080000000000006
object100_s201,201,100,random,21,painting,6,3e-05,0.04996,0.049929999999999995,0.0,0.00125,0.00125
object100_s201,201,100,random,22,keyboard,6,0.00288,0.02957,0.02669,0.0,0.00032,0.00032
object100_s201,201,100,random,23,dresser,6,0.01633,0.24996,0.23362999999999998,0.0082,0.17234,0.16413999999999998
object100_s201,201,100,random,24,tv,7,0.00709,0.29497,0.28788,0.00038,0.04671,0.04633
object100_s201,201,100,random,25,whiteboard,7,0.00551,0.04864,0.04313,4e-05,0.00269,0.00265
object100_s201,201,100,random,26,cpu,7,0.00281,0.09402,0.09121000000000001,0.00034,0.00266,0.00232
object100_s201,201,100,random,27,toilet,7,0.80301,0.873,0.06999,0.5451,0.65708,0.11197999999999997
object100_s201,201,100,random,28,paper,8,3e-05,0.00053,0.0005,0.0,0.0,0.0
object100_s201,201,100,random,29,ottoman,8,0.05008,0.22762,0.17753999999999998,0.03022,0.15493,0.12471000000000002
object100_s201,201,100,random,30,bench,8,0.13988,0.198,0.061700000000000005,0.07041,0.13017,0.05976000000000001
object100_s201,201,100,random,31,recycle_bin,8,0.51769,0.59855,0.08086000000000004,0.36342,0.46696,0.10353999999999997
object100_s201,201,100,random,32,monitor,9,0.13834,0.2572,0.11886,0.0254,0.0573,0.0319
object100_s201,201,100,random,33,printer,9,0.07215,0.26093,0.18878,0.05171,0.16289,0.11118
object100_s201,201,100,random,34,plant,9,0.13532,0.08668,-0.04864,0.00668,0.03902,0.03234
object100_s201,201,100,random,35,door,9,0.0037,0.00956,0.005860000000000001,0.00012,0.00035,0.00023
object100_s201,201,100,random,36,book,10,0.03702,0.03702,,0.00506,0.00506,
object100_s201,201,100,random,37,mirror,10,0.01471,0.01471,,0.0013,0.0013,
object100_s201,201,100,random,38,laptop,10,0.09275,0.09275,,0.06476,0.06476,
object100_s201,201,100,random,39,towel,10,0.0584,0.0584,,0.00566,0.00566,
object50_s200,200,50,random,0,chair,1,0.71108,0.81165,0.10056999999999994,0.57252,0.67582,0.10329999999999995
object50_s200,200,50,random,1,table,1,0.12851,0.51577,0.38725999999999994,0.03059,0.31922,0.28863
object50_s200,200,50,random,2,pillow,1,0.08552,0.25543,0.16991,0.01892,0.08445,0.06553
object50_s200,200,50,random,3,sofa_chair,1,0.5623,0.66175,0.09944999999999993,0.49815,0.59842,0.10026999999999997
object50_s200,200,50,random,4,desk,2,0.08079,0.2898,0.20901,0.01193,0.11354,0.10161
object50_s200,200,50,random,5,bed,2,0.76124,0.83644,0.07519999999999993,0.54641,0.61826,0.07185000000000008
object50_s200,200,50,random,6,sofa,2,0.55032,0.68033,0.13000999999999996,0.44468,0.54701,0.10232999999999998
object50_s200,200,50,random,7,computer,2,0.00056,0.05055,0.04999,0.0001,0.01378,0.013680000000000001
object50_s200,200,50,random,8,lamp,3,0.35825,0.43372,0.07546999999999998,0.16282,0.17303,0.02952000000000002
object50_s200,200,50,random,9,box,3,0.00236,0.03417,0.03181,0.00032,0.0075,0.00718
object50_s200,200,50,random,10,garbage_bin,3,0.03518,0.34904,0.31386000000000003,0.01438,0.22732,0.21294
object50_s200,200,50,random,11,cabinet,3,0.00515,0.071,0.06584999999999999,0.00079,0.0199,0.019110000000000002
object50_s200,200,50,random,12,shelf,4,0.03225,0.13593,0.10368,0.00495,0.01121,0.009080000000000001
object50_s200,200,50,random,13,drawer,4,0.00281,0.04393,0.04112,0.00104,0.01499,0.01395
object50_s200,200,50,random,14,night_stand,4,0.012,0.60946,0.59746,0.00706,0.47496,0.4679
object50_s200,200,50,random,15,endtable,4,0.02596,0.3949,0.36894,0.01556,0.2944,0.27884
object50_s200,200,50,random,16,sink,5,0.08299,0.47359,0.3906,0.00764,0.10239,0.09475
object50_s200,200,50,random,17,picture,5,0.0,0.00533,0.00533,0.0,4e-05,4e-05
object50_s200,200,50,random,18,stool,5,0.24684,0.27952,0.03267999999999999,0.14349,0.14305,0.04124
object50_s200,200,50,random,19,coffee_table,5,0.0286,0.34567,0.31706999999999996,0.01057,0.21507,0.20450000000000002
object50_s200,200,50,random,20,bookshelf,6,0.14393,0.28871,0.16488999999999998,0.02181,0.07125,0.051430000000000003
object50_s200,200,50,random,21,painting,6,4e-05,0.03762,0.03758,0.0,0.00148,0.00148
object50_s200,200,50,random,22,keyboard,6,3e-05,0.01285,0.01282,0.0,0.00017,0.00017
object50_s200,200,50,random,23,dresser,6,0.027,0.2492,0.2222,0.01709,0.19076,0.17367000000000002
object50_s200,200,50,random,24,tv,7,0.00377,0.31513,0.31136,0.00037,0.04903,0.048659999999999995
object50_s200,200,50,random,25,whiteboard,7,0.00125,0.07012,0.06887,2e-05,0.00339,0.0033699999999999997
object50_s200,200,50,random,26,cpu,7,0.0006,0.08297,0.08237,5e-05,0.0063,0.00625
object50_s200,200,50,random,27,toilet,7,0.81117,0.85857,0.04740000000000011,0.53102,0.56232,0.031299999999999994
object50_s200,200,50,random,28,paper,8,1e-05,0.00011,0.0001,0.0,0.0,0.0
object50_s200,200,50,random,29,ottoman,8,0.08041,0.19182,0.11141,0.05442,0.13689,0.08247000000000002
object50_s200,200,50,random,30,bench,8,0.06451,0.18582,0.12131000000000002,0.02761,0.09718,0.06957
object50_s200,200,50,random,31,recycle_bin,8,0.25354,0.40461,0.15107000000000004,0.16197,0.2906,0.12863000000000002
object50_s200,200,50,random,32,monitor,9,0.19342,0.31026,0.11683999999999997,0.01097,0.05562,0.04465
object50_s200,200,50,random,33,printer,9,0.13888,0.26544,0.12656,0.08451,0.13366,0.04915
object50_s200,200,50,random,34,plant,9,0.02436,0.05844,0.03408,0.00344,0.01071,0.00727
object50_s200,200,50,random,35,door,9,0.00329,0.01974,0.01645,6e-05,0.00024,0.00018
object50_s200,200,50,random,36,book,10,0.02235,0.02235,,0.00139,0.00139,
object50_s200,200,50,random,37,mirror,10,0.03213,0.03213,,0.00492,0.00492,
object50_s200,200,50,random,38,laptop,10,0.03658,0.03658,,0.01368,0.01368,
object50_s200,200,50,random,39,towel,10,0.068,0.068,,0.02336,0.02336,
object50_s201,201,50,random,0,chair,1,0.67292,0.81479,0.14187000000000005,0.53906,0.68588,0.14682000000000006
object50_s201,201,50,random,1,table,1,0.12256,0.5156,0.39303999999999994,0.02861,0.31774,0.28913
object50_s201,201,50,random,2,pillow,1,0.13835,0.2615,0.12315000000000001,0.0303,0.0956,0.0653
object50_s201,201,50,random,3,sofa_chair,1,0.58162,0.67647,0.09484999999999999,0.54735,0.62742,0.08006999999999997
object50_s201,201,50,random,4,desk,2,0.09054,0.30419,0.21365,0.01645,0.10622,0.08976999999999999
object50_s201,201,50,random,5,bed,2,0.78429,0.86171,0.07741999999999993,0.56133,0.62032,0.061980000000000035
object50_s201,201,50,random,6,sofa,2,0.59672,0.68208,0.08535999999999999,0.46151,0.5573,0.09579000000000004
object50_s201,201,50,random,7,computer,2,0.01426,0.0448,0.030539999999999998,0.00112,0.01147,0.01035
object50_s201,201,50,random,8,lamp,3,0.34121,0.41252,0.07130999999999998,0.14225,0.16992,0.04149
object50_s201,201,50,random,9,box,3,0.00401,0.03203,0.028020000000000003,0.00073,0.00735,0.00662
object50_s201,201,50,random,10,garbage_bin,3,0.0704,0.39536,0.32495999999999997,0.02968,0.25311,0.22343
object50_s201,201,50,random,11,cabinet,3,0.01129,0.07182,0.060529999999999994,0.00137,0.02005,0.01868
object50_s201,201,50,random,12,shelf,4,0.06634,0.13289,0.06655000000000001,0.01118,0.03553,0.024349999999999997
object50_s201,201,50,random,13,drawer,4,0.0066,0.05299,0.04639,0.00075,0.01845,0.0177
object50_s201,201,50,random,14,night_stand,4,0.02603,0.64636,0.62033,0.01871,0.4788,0.46009
object50_s201,201,50,random,15,endtable,4,0.07571,0.39242,0.31671,0.05153,0.27139,0.21986000000000003
object50_s201,201,50,random,16,sink,5,0.05739,0.46577,0.40838,0.01092,0.07227,0.06135
object50_s201,201,50,random,17,picture,5,0.0,0.00184,0.00184,0.0,3e-05,3e-05
object50_s201,201,50,random,18,stool,5,0.21992,0.2672,0.06491999999999998,0.13953,0.172,0.046270000000000006
object50_s201,201,50,random,19,coffee_table,5,0.02358,0.33323,0.30965000000000004,0.00749,0.18704,0.17955000000000002
object50_s201,201,50,random,20,bookshelf,6,0.22374,0.29789,0.07415,0.05371,0.07102,0.022170000000000002
object50_s201,201,50,random,21,painting,6,0.00011,0.04057,0.04046,1e-05,0.00315,0.00314
object50_s201,201,50,random,22,keyboard,6,0.00021,0.02186,0.021650000000000003,0.0,0.00074,0.00074
object50_s201,201,50,random,23,dresser,6,0.04282,0.25392,0.21109999999999998,0.03027,0.17003,0.13976
object50_s201,201,50,random,24,tv,7,0.00916,0.24723,0.23807,0.0009,0.05243,0.05153
object50_s201,201,50,random,25,whiteboard,7,0.00262,0.03908,0.03646,4e-05,0.00106,0.0010199999999999999
object50_s201,201,50,random,26,cpu,7,0.00272,0.09356,0.09084,0.00057,0.01366,0.013090000000000001
object50_s201,201,50,random,27,toilet,7,0.81939,0.84475,0.02536000000000005,0.46879,0.65721,0.18841999999999998
object50_s201,201,50,random,28,paper,8,4e-05,0.00042,0.00038,0.0,1e-05,1e-05
object50_s201,201,50,random,29,ottoman,8,0.15531,0.21519,0.05987999999999999,0.09491,0.13972,0.044810000000000016
object50_s201,201,50,random,30,bench,8,0.14233,0.2269,0.08456999999999998,0.07123,0.14275,0.07151999999999999
object50_s201,201,50,random,31,recycle_bin,8,0.33782,0.42523,0.08740999999999999,0.19337,0.34923,0.15586
object50_s201,201,50,random,32,monitor,9,0.19781,0.25189,0.05407999999999999,0.03087,0.03756,0.0066900000000000015
object50_s201,201,50,random,33,printer,9,0.14416,0.23861,0.09444999999999998,0.08737,0.19416,0.10679
object50_s201,201,50,random,34,plant,9,0.05485,0.06684,0.011989999999999994,0.00405,0.00557,0.0015200000000000005
object50_s201,201,50,random,35,door,9,0.00375,0.01217,0.00842,0.00016,0.00042,0.00026000000000000003
object50_s201,201,50,random,36,book,10,0.00907,0.00907,,0.00011,0.00011,
object50_s201,201,50,random,37,mirror,10,0.0337,0.0337,,0.00059,0.00059,
object50_s201,201,50,random,38,laptop,10,0.02943,0.02943,,0.00919,0.00919,
object50_s201,201,50,random,39,towel,10,0.06333,0.06333,,0.01227,0.01227,
object20_s200,200,20,random,0,chair,1,0.64547,0.81551,0.17003999999999997,0.51412,0.68105,0.16693000000000002
object20_s200,200,20,random,1,table,1,0.12167,0.52106,0.39938999999999997,0.03027,0.31949,0.28922
object20_s200,200,20,random,2,pillow,1,0.17275,0.26148,0.08873,0.0208,0.09563,0.07483000000000001
object20_s200,200,20,random,3,sofa_chair,1,0.44968,0.66979,0.22010999999999997,0.4013,0.61459,0.21328999999999998
object20_s200,200,20,random,4,desk,2,0.06409,0.29866,0.23457,0.00621,0.11979,0.11357999999999999
object20_s200,200,20,random,5,bed,2,0.77564,0.85804,0.08240000000000003,0.51157,0.58862,0.07705000000000006
object20_s200,200,20,random,6,sofa,2,0.59098,0.67127,0.08029000000000008,0.4674,0.5423,0.07490000000000002
object20_s200,200,20,random,7,computer,2,0.00514,0.04808,0.04294,0.00043,0.00992,0.00949
object20_s200,200,20,random,8,lamp,3,0.36552,0.42021,0.05468999999999996,0.15316,0.18019,0.05255000000000001
object20_s200,200,20,random,9,box,3,0.00196,0.03341,0.031450000000000006,0.00019,0.00714,0.00695
object20_s200,200,20,random,10,garbage_bin,3,0.05106,0.35175,0.30069,0.01819,0.23028,0.21209
object20_s200,200,20,random,11,cabinet,3,0.00733,0.07415,0.06681999999999999,0.0018,0.02442,0.02262
object20_s200,200,20,random,12,shelf,4,0.03812,0.12624,0.08811999999999999,0.00572,0.02529,0.01957
object20_s200,200,20,random,13,drawer,4,0.00696,0.04468,0.03772,0.00481,0.017,0.012190000000000001
object20_s200,200,20,random,14,night_stand,4,0.04525,0.63827,0.59302,0.03435,0.46617,0.43182
object20_s200,200,20,random,15,endtable,4,0.03845,0.3502,0.31175,0.01677,0.24252,0.22575
object20_s200,200,20,random,16,sink,5,0.07738,0.46261,0.38523,0.01353,0.08389,0.07036
object20_s200,200,20,random,17,picture,5,0.0,0.00949,0.00949,0.0,1e-05,0.0005
object20_s200,200,20,random,18,stool,5,0.16109,0.26219,0.10109999999999997,0.09655,0.12944,0.03765000000000002
object20_s200,200,20,random,19,coffee_table,5,0.09492,0.40084,0.30591999999999997,0.0397,0.2757,0.236
object20_s200,200,20,random,20,bookshelf,6,0.17539,0.28347,0.10808000000000001,0.04476,0.0847,0.039939999999999996
object20_s200,200,20,random,21,painting,6,0.00011,0.03318,0.03307,0.0,0.00197,0.00197
object20_s200,200,20,random,22,keyboard,6,2e-05,0.01087,0.01085,0.0,0.00011,0.00011
object20_s200,200,20,random,23,dresser,6,0.05214,0.24017,0.18803,0.02998,0.1642,0.13422
object20_s200,200,20,random,24,tv,7,0.00834,0.25482,0.24647999999999998,0.00126,0.04866,0.047400000000000005
object20_s200,200,20,random,25,whiteboard,7,0.00846,0.03614,0.027679999999999996,0.00036,0.00034,-1.9999999999999998e-05
object20_s200,200,20,random,26,cpu,7,0.00137,0.04802,0.04665,9e-05,0.0065,0.00641
object20_s200,200,20,random,27,toilet,7,0.79592,0.87288,0.07696000000000003,0.47975,0.62993,0.15017999999999998
object20_s200,200,20,random,28,paper,8,1e-05,0.00047,0.00045999999999999996,0.0,0.0,0.0
object20_s200,200,20,random,29,ottoman,8,0.12338,0.19862,0.07523999999999999,0.07257,0.14188,0.06931000000000001
object20_s200,200,20,random,30,bench,8,0.14827,0.17661,0.05756999999999998,0.05738,0.07979,0.029130000000000003
object20_s200,200,20,random,31,recycle_bin,8,0.25051,0.32596,0.07545000000000002,0.13356,0.26006,0.1265
object20_s200,200,20,random,32,monitor,9,0.11243,0.29131,0.17888,0.01224,0.03903,0.02679
object20_s200,200,20,random,33,printer,9,0.19059,0.23847,0.04787999999999998,0.0882,0.13275,0.044550000000000006
object20_s200,200,20,random,34,plant,9,0.04143,0.04799,0.006559999999999996,0.00136,0.00279,0.0014299999999999998
object20_s200,200,20,random,35,door,9,0.01061,0.01016,-0.000449999999999999,0.00011,0.00071,0.0006000000000000001
object20_s200,200,20,random,36,book,10,0.02263,0.02263,,0.0,0.0,
object20_s200,200,20,random,37,mirror,10,0.01231,0.01231,,0.00047,0.00047,
object20_s200,200,20,random,38,laptop,10,0.07708,0.07708,,0.02587,0.02587,
object20_s200,200,20,random,39,towel,10,0.09935,0.09935,,0.02042,0.02042,
object20_s201,201,20,random,0,chair,1,0.72719,0.81627,0.08908000000000005,0.58593,0.68202,0.09609000000000001
object20_s201,201,20,random,1,table,1,0.25169,0.51551,0.26382,0.08246,0.31504,0.23257999999999998
object20_s201,201,20,random,2,pillow,1,0.15671,0.24623,0.08952000000000002,0.02797,0.08866,0.06069000000000001
object20_s201,201,20,random,3,sofa_chair,1,0.50147,0.68226,0.18079,0.46454,0.62547,0.16092999999999996
object20_s201,201,20,random,4,desk,2,0.06889,0.30282,0.23392999999999997,0.01053,0.10905,0.09852
object20_s201,201,20,random,5,bed,2,0.76916,0.86475,0.09559000000000006,0.5452,0.61287,0.06767000000000001
object20_s201,201,20,random,6,sofa,2,0.51486,0.67829,0.16342999999999996,0.40017,0.56084,0.16066999999999998
object20_s201,201,20,random,7,computer,2,0.00055,0.03986,0.03931,0.00018,0.00351,0.00356
object20_s201,201,20,random,8,lamp,3,0.38139,0.40168,0.041549999999999976,0.19054,0.17056,0.010470000000000007
object20_s201,201,20,random,9,box,3,0.00738,0.03704,0.029659999999999995,0.00335,0.00669,0.0033399999999999997
object20_s201,201,20,random,10,garbage_bin,3,0.09538,0.37203,0.27665,0.05346,0.259,0.20554
object20_s201,201,20,random,11,cabinet,3,0.00625,0.07129,0.06504,0.00162,0.01885,0.01723
object20_s201,201,20,random,12,shelf,4,0.01338,0.10924,0.09586,0.00399,0.01966,0.01567
object20_s201,201,20,random,13,drawer,4,0.00391,0.05882,0.05491,0.00068,0.02285,0.02217
object20_s201,201,20,random,14,night_stand,4,0.04258,0.66405,0.6214700000000001,0.02911,0.49653,0.46742
object20_s201,201,20,random,15,endtable,4,0.10597,0.38411,0.27814,0.07091,0.24896,0.17804999999999999
object20_s201,201,20,random,16,sink,5,0.0484,0.49454,0.44614,0.00321,0.09159,0.08838
object20_s201,201,20,random,17,picture,5,0.0,0.00243,0.00243,0.0,4e-05,4e-05
object20_s201,201,20,random,18,stool,5,0.19287,0.23545,0.04257999999999998,0.142,0.18501,0.04301000000000002
object20_s201,201,20,random,19,coffee_table,5,0.06574,0.32193,0.25619,0.027,0.21251,0.18551
object20_s201,201,20,random,20,bookshelf,6,0.18901,0.26711,0.0781,0.05499,0.05612,0.019540000000000002
object20_s201,201,20,random,21,painting,6,4e-05,0.04399,0.04395,0.0,0.00611,0.00611
object20_s201,201,20,random,22,keyboard,6,3e-05,0.02624,0.02621,0.0,5e-05,5e-05
object20_s201,201,20,random,23,dresser,6,0.03132,0.21691,0.18558999999999998,0.01945,0.14382,0.12437000000000001
object20_s201,201,20,random,24,tv,7,0.0096,0.23225,0.22265000000000001,0.00138,0.04603,0.04465
object20_s201,201,20,random,25,whiteboard,7,0.00205,0.07313,0.07108,5e-05,0.00466,0.00461
object20_s201,201,20,random,26,cpu,7,0.00233,0.07152,0.06919,0.00012,0.008,0.00788
object20_s201,201,20,random,27,toilet,7,0.82286,0.86595,0.04308999999999996,0.57938,0.60269,0.03810000000000002
object20_s201,201,20,random,28,paper,8,1e-05,0.00022,0.00021,0.0,0.0,0.0
object20_s201,201,20,random,29,ottoman,8,0.106,0.25179,0.14579000000000003,0.07096,0.17566,0.10470000000000002
object20_s201,201,20,random,30,bench,8,0.0866,0.16984,0.08324,0.02275,0.10333,0.08058000000000001
object20_s201,201,20,random,31,recycle_bin,8,0.3291,0.38317,0.09437000000000001,0.22899,0.2791,0.08098999999999998
object20_s201,201,20,random,32,monitor,9,0.20564,0.29337,0.08773000000000003,0.01883,0.04977,0.030940000000000002
object20_s201,201,20,random,33,printer,9,0.02695,0.24402,0.21706999999999999,0.01385,0.13376,0.11990999999999999
object20_s201,201,20,random,34,plant,9,0.00954,0.08061,0.07107,0.00043,0.00217,0.00174
object20_s201,201,20,random,35,door,9,0.00692,0.009,0.0020799999999999994,0.00084,0.00036,-0.00048
object20_s201,201,20,random,36,book,10,0.00537,0.00537,,3e-05,3e-05,
object20_s201,201,20,random,37,mirror,10,0.03687,0.03687,,0.00058,0.00058,
object20_s201,201,20,random,38,laptop,10,0.07022,0.07022,,0.02105,0.02105,
object20_s201,201,20,random,39,towel,10,0.06376,0.06376,,0.02193,0.02193,
